{
  "test_date": "2026-01-01T19:27:32.445090",
  "total_tests": 30,
  "tasks_analysis": {
    "1": {
      "task_id": 1,
      "runs": 10,
      "success_rate": 1.0,
      "execution_time": {
        "mean": 25.528247809410097,
        "stdev": 6.417152794369468,
        "min": 18.490247011184692,
        "max": 39.15601992607117,
        "median": 24.553304314613342,
        "all_values": [
          24.676356077194214,
          18.490247011184692,
          23.91698980331421,
          29.184172868728638,
          31.86725401878357,
          24.905669689178467,
          39.15601992607117,
          24.43025255203247,
          19.247076272964478,
          19.408439874649048
        ]
      },
      "target_detection": {
        "mean": 138.3,
        "stdev": 32.32491299292235,
        "min": 103,
        "max": 204,
        "all_values": [
          140,
          104,
          134,
          165,
          165,
          121,
          204,
          139,
          108,
          103
        ]
      }
    },
    "2": {
      "task_id": 2,
      "runs": 10,
      "success_rate": 1.0,
      "execution_time": {
        "mean": 8.209358620643616,
        "stdev": 0.14666492293032196,
        "min": 8.095011949539185,
        "max": 8.552734136581421,
        "median": 8.158859372138977,
        "all_values": [
          8.164608716964722,
          8.153110027313232,
          8.124101400375366,
          8.095011949539185,
          8.552734136581421,
          8.202081203460693,
          8.104592561721802,
          8.135785818099976,
          8.389256715774536,
          8.172303676605225
        ]
      },
      "target_detection": {
        "mean": 43,
        "stdev": 0.0,
        "min": 43,
        "max": 43,
        "all_values": [
          43,
          43,
          43,
          43,
          43,
          43,
          43,
          43,
          43,
          43
        ]
      }
    },
    "3": {
      "task_id": 3,
      "runs": 10,
      "success_rate": 1.0,
      "execution_time": {
        "mean": 29.851888155937196,
        "stdev": 3.7368841361524683,
        "min": 22.476709365844727,
        "max": 35.09625577926636,
        "median": 30.2108553647995,
        "all_values": [
          30.475476264953613,
          28.82033348083496,
          22.476709365844727,
          29.946234464645386,
          26.52549409866333,
          31.196866035461426,
          33.074918270111084,
          33.48108768463135,
          27.425506114959717,
          35.09625577926636
        ]
      },
      "target_detection": {
        "mean": 166.5,
        "stdev": 21.141060627235436,
        "min": 126,
        "max": 200,
        "all_values": [
          173,
          157,
          126,
          171,
          150,
          175,
          186,
          177,
          150,
          200
        ]
      },
      "obstacle_detection": {
        "mean": 166.5,
        "stdev": 21.141060627235436,
        "min": 126,
        "max": 200,
        "all_values": [
          173,
          157,
          126,
          171,
          150,
          175,
          186,
          177,
          150,
          200
        ]
      }
    }
  }
}